affected_day,ticker,polarity_title,subjectivity_title,polarity_description,subjectivity_description,Open,Close,Open-Close,target
2022-06-24,YELP,-0.004166666666666668,0.11111111111111112,0.10614921719022496,0.4040402559778482,29.440000534057617,30.32999992370605,-0.889999389648434,0
2022-06-25,YELP,0.0,0.0,0.0,0.0,,,,0
2022-06-27,YELP,-0.05,0.1,0.010683094878267473,0.39802923392677225,30.520000457763672,29.57999992370605,0.9400005340576207,1
2022-06-28,YELP,-0.025,0.075,0.08706562395778639,0.4171130952380952,29.690000534057617,28.57999992370605,1.110000610351566,1
2022-06-29,YELP,0.0,0.0,0.0,0.0,28.670000076293945,28.46999931335449,0.20000076293945668,1
2022-06-30,YELP,0.04999999999999995,0.31666666666666665,0.1010516463441995,0.46941588848503746,28.15999984741211,27.770000457763672,0.3899993896484375,1
2022-07-04,YELP,-0.25,0.25,0.1471801346801346,0.3366582491582492,,,,0
2022-07-05,YELP,0.0,0.0,0.1200757575757575,0.4200757575757576,27.32999992370605,29.21999931335449,-1.8899993896484375,0
2022-07-07,YELP,0.0,0.0,0.0,0.0,29.15999984741211,28.690000534057617,0.4699993133544922,1
2022-07-18,YELP,-0.6,0.9,-0.6,0.9,28.13999938964844,28.46999931335449,-0.3299999237060476,0
2022-07-20,YELP,0.0621212121212121,0.3515151515151515,0.1558954933954934,0.4382770007770008,30.5,31.3799991607666,-0.8799991607666016,0
2022-07-21,YELP,0.0,0.0,0.09778335813492064,0.2395585317460318,31.190000534057617,31.6200008392334,-0.43000030517578125,0
2022-08-02,YELP,0.0,0.0,0.0,0.0,30.899999618530277,31.46999931335449,-0.5699996948242116,0
2022-08-04,YELP,0.3222222222222222,0.37222222222222223,0.009341398344518,0.3894548965876249,32.790000915527344,32.31999969482422,0.470001220703125,1
2022-08-05,YELP,0.16527777777777777,0.2777777777777778,0.19837072649572648,0.36343482905982905,37.0,38.2599983215332,-1.2599983215332031,0
2022-08-06,YELP,0.0666666666666666,0.2666666666666666,0.0862752251956797,0.3060327298963662,,,,0
2022-08-25,YELP,0.275,0.35,0.06940431096681095,0.395913262085137,34.869998931884766,34.959999084472656,-0.09000015258789062,0
2022-09-06,YELP,0.0,0.1,0.1357407407407407,0.4583333333333333,33.95000076293945,33.790000915527344,0.15999984741210938,1
2022-09-07,YELP,0.0,0.275,0.1435185185185185,0.3888888888888889,33.869998931884766,34.86000061035156,-0.9900016784667969,0
2022-09-08,YELP,0.0,0.0,0.0,0.0,34.58000183105469,34.65999984741211,-0.07999801635742188,0
2022-09-22,YELP,0.0,0.0,0.0,0.0,33.560001373291016,32.86000061035156,0.7000007629394531,1
2022-09-28,YELP,1.0,0.3,1.0,0.3,33.709999084472656,34.380001068115234,-0.6700019836425781,0
2022-10-07,YELP,0.0,0.0,0.0,0.0,35.220001220703125,35.33000183105469,-0.1100006103515625,0
2022-10-13,YELP,0.0,0.0,0.1049166666666666,0.4292499999999999,33.83000183105469,34.790000915527344,-0.9599990844726562,0
2022-10-19,YELP,0.025,0.3,0.0668132303426421,0.4343157060804119,36.880001068115234,36.90999984741211,-0.029998779296875,0
2022-10-20,YELP,0.0,0.0,0.0,0.0,36.93999862670898,37.0,-0.06000137329102273,0
2022-10-27,YELP,0.0,0.0,0.09438380768168,0.4816688925731478,38.5099983215332,38.130001068115234,0.37999725341796875,1
2022-11-02,YELP,0.0,0.0,0.0152439024390243,0.4695121951219511,38.59999847412109,36.79999923706055,1.7999992370605398,1
2022-11-03,YELP,0.25,0.25,0.01244477366169425,0.3924845603474312,36.58000183105469,36.34000015258789,0.24000167846679688,1
2022-11-04,YELP,0.10416666666666666,0.19166666666666665,0.11057347670250892,0.26724910394265233,34.25,30.309999465942383,3.940000534057617,1
2022-11-07,YELP,0.1428571428571428,0.2678571428571428,0.2133064516129032,0.4587365591397849,30.51000022888184,29.959999084472656,0.5500011444091832,1
2022-11-09,YELP,0.0,0.0,-0.0522222222222222,0.3155555555555555,29.790000915527344,29.07999992370605,0.7100009918212926,1
2022-12-05,YELP,0.25,0.25,0.1115620866402116,0.42790738486050983,29.96999931335449,29.32999992370605,0.6399993896484375,1
2022-12-06,YELP,0.0,0.0,0.0,0.0,29.209999084472656,28.700000762939453,0.5099983215332031,1
2022-12-11,YELP,0.1,0.25,0.0654166666666666,0.4179166666666666,,,,0
2022-12-13,YELP,0.1416666666666666,0.1999999999999999,0.0623456790123456,0.3898148148148148,28.940000534057617,28.21999931335449,0.7200012207031286,1
2022-12-18,YELP,0.1875,0.6875,0.1438271604938271,0.3432098765432099,,,,0
2022-12-20,YELP,0.0,0.0,0.0,0.0,25.440000534057617,25.6200008392334,-0.18000030517578125,0
2023-01-19,YELP,0.06818181818181815,0.47727272727272724,0.09118014561196375,0.4604146989374261,28.46999931335449,29.229999542236328,-0.7600002288818395,0
2023-01-20,YELP,0.4333333333333333,0.7333333333333333,0.0354166666666666,0.3854166666666667,29.51000022888184,29.709999084472656,-0.19999885559081676,0
2023-01-25,YELP,0.375,0.375,0.3318452380952381,0.4824404761904762,29.239999771118164,30.0,-0.7600002288818359,0
2023-01-26,MTCH,0.0,0.0,0.17067624497965053,0.4905411646317219,51.29999923706055,51.77999877929688,-0.47999954223633523,0
2023-01-26,YELP,0.1833333333333333,0.21666666666666665,0.1083333333333333,0.08055555555555555,30.170000076293945,30.729999542236328,-0.5599994659423828,0
2023-01-27,MTCH,0.06818181818181815,0.22727272727272724,0.07021780303030295,0.4988162878787879,51.41999816894531,53.65999984741211,-2.240001678466797,0
2023-01-27,YELP,0.35714285714285715,0.4107142857142857,0.10341685123661865,0.44239110372831303,30.75,31.170000076293945,-0.4200000762939453,0
2023-01-31,EA,-0.16964285714285715,0.1875,0.06230419890065281,0.3833831607208506,128.96905267242107,128.4599151611328,0.5091375112882588,1
2023-01-31,MTCH,0.041666666666666664,0.05555555555555555,0.0232782872879491,0.30808736687359867,52.5099983215332,54.119998931884766,-1.6100006103515625,0
2023-02-01,EA,0.004166666666666661,0.32916666666666666,0.0222349877990122,0.33271616679391064,116.58027280706696,116.56031036376952,0.019962443297444565,1
2023-02-01,MTCH,0.033341224747474744,0.17369791666666667,0.13409881985282457,0.42424349877868783,49.900001525878906,51.40999984741211,-1.5099983215332031,0
2023-02-01,YELP,0.0,0.0,0.0928571428571428,0.4642857142857143,31.46999931335449,31.88999938964844,-0.4200000762939524,0
2023-02-02,EA,0.16666666666666666,0.16666666666666666,0.3604921296296297,0.5801988275613275,117.299037903009,115.79161834716795,1.5074195558410395,1
2023-02-02,MTCH,0.125,0.125,0.17937635336905838,0.33026307027161195,52.119998931884766,52.56999969482422,-0.4500007629394531,0
2023-02-02,YELP,-0.05,0.2,0.0974850546279118,0.4767088401016972,32.5,33.11000061035156,-0.6100006103515625,0
2023-02-03,EA,0.0,0.0,-0.026524019458802072,0.3194046442687747,114.9530583508742,113.72515869140624,1.2278996594679654,1
2023-02-03,MTCH,0.3333333333333333,0.09999999999999999,0.10046263766773227,0.37213248283714856,50.93000030517578,48.45000076293945,2.479999542236328,1
2023-02-05,MTCH,0.0,0.0,0.0157407407407407,0.4648148148148148,,,,0
2023-02-06,EA,0.5666666666666667,0.5333333333333333,0.1437037037037037,0.3785185185185185,113.41569270601948,111.99812316894533,1.417569537074158,1
2023-02-06,MTCH,0.0,0.0,0.3333333333333333,0.2166666666666666,47.36000061035156,47.459999084472656,-0.09999847412109375,0
2023-02-07,EA,0.0,0.0,0.0368863636363636,0.3534545454545454,111.93822138992104,113.9847183227539,-2.0464969328328664,0
2023-02-08,EA,0.0,0.0,0.0431818181818181,0.4446969696969697,113.0363478719126,112.50724792480467,0.5290999471079232,1
2023-02-08,MTCH,0.5,0.5,0.3874999999999999,0.4333333333333333,48.11000061035156,47.93000030517578,0.18000030517578125,1
2023-02-09,MTCH,0.0,0.0,0.034090909090909,0.7636363636363637,48.59999847412109,47.22999954223633,1.3699989318847585,1
2023-02-09,YELP,0.28888888888888886,0.4888888888888889,0.1254303957666729,0.4673275775025094,32.0,30.850000381469727,1.1499996185302734,1
2023-02-10,EA,0.0,0.0,-0.35,0.3399999999999999,111.66869011274878,111.60879516601562,0.05989494673315221,1
2023-02-10,MTCH,0.0,0.0,0.0030071274211899,0.3194795222138971,46.4900016784668,45.08000183105469,1.4099998474121094,1
2023-02-10,YELP,0.07142857142857142,0.1285714285714286,0.09180791171687529,0.24952088242704487,33.84000015258789,31.84000015258789,2.0,1
2023-02-11,YELP,0.0,0.0,0.0969663742690058,0.4196564327485381,,,,0
2023-02-12,YELP,0.0,0.0,0.1150100593850593,0.4356580225330224,,,,0
2023-02-13,EA,0.0,0.0,0.2218518518518518,0.4420370370370371,111.27935647949418,113.0063934326172,-1.7270369531230187,0
2023-02-14,EA,0.16439393939393937,0.18409090909090908,0.036363636363636334,0.10037878787878786,112.61706135375113,112.05802154541016,0.5590398083409696,1
2023-02-14,MTCH,0.0,0.0,0.2420634920634919,0.4366402116402115,45.02999877929688,45.040000915527344,-0.010002136230461645,0
2023-02-15,EA,0.0499999999999999,0.45,0.1705782312925169,0.5348639455782312,111.08967437795702,113.14614868164062,-2.0564743036836006,0
2023-02-16,EA,0.0,0.0625,0.1255687123334182,0.44581423478482307,111.70862312142116,111.5289306640625,0.17969245735865513,1
2023-02-16,ZG,0.15999999999999998,0.2,0.09522690894539632,0.4031464868775793,46.7400016784668,47.04999923706055,-0.30999755859375,0
2023-02-17,EA,-0.0159090909090909,0.4136363636363636,0.1007427213309566,0.4759506833036245,110.95990405162333,111.8084487915039,-0.8485447398805803,0
2023-02-17,ZG,0.19999999999999998,0.3,0.1841245573497975,0.4061754341713692,46.34000015258789,44.959999084472656,1.3800010681152344,1
2023-02-18,MTCH,0.0,0.0,0.3699999999999999,0.6500000000000001,,,,0
2023-02-19,EA,0.0,0.0,0.137438492063492,0.3579662698412698,,,,0
2023-02-19,TTD,0.2111111111111111,0.32222222222222224,0.25444444444444436,0.5613888888888889,,,,0
2023-02-21,EA,-0.2,0.2,0.1196428571428571,0.3892857142857142,111.1096451113242,111.82840728759766,-0.718762176273458,0
2023-02-21,MTCH,0.0,0.0,0.0587777777777777,0.4057222222222222,42.790000915527344,42.43999862670898,0.3500022888183665,1
2023-02-21,YELP,-0.05,0.1,0.0771695084960391,0.396548355272845,30.290000915527344,30.229999542236328,0.060001373291015625,1
2023-02-21,ZG,0.08928571428571427,0.2386904761904762,0.02144923941798941,0.41632904791967296,43.90999984741211,42.709999084472656,1.2000007629394531,1
2023-02-22,MTCH,0.125,0.16666666666666666,0.15544871794871795,0.25384615384615383,42.38999938964844,43.84000015258789,-1.4500007629394531,0
2023-02-22,TTD,0.75,0.4,0.3992063492063491,0.3906746031746031,56.79999923706055,56.40999984741211,0.3899993896484375,1
2023-02-23,MTCH,0.5,0.5,0.1376082251082251,0.4632756132756132,44.5,43.63999938964844,0.8600006103515625,1
2023-02-23,TTD,-0.15,0.3,0.23571428571428568,0.5332142857142858,57.02000045776367,56.25,0.7700004577636719,1
2023-02-24,EA,0.0,0.0,0.2611363636363636,0.5204545454545455,109.55231265860026,109.58226013183594,-0.029947473235679922,0
2023-02-24,MTCH,0.5,0.5,0.6071428571428571,0.7142857142857143,42.382999420166016,41.34000015258789,1.042999267578125,1
2023-02-24,ZG,0.2,0.3,0.225,0.275,40.33000183105469,40.5,-0.1699981689453125,0
2023-02-25,TTD,0.06388888888888887,0.16111111111111112,-0.09375000000000003,0.4875,,,,0
2023-02-25,YELP,-0.15,0.325,0.1179642857142857,0.4660833333333334,,,,0
2023-02-25,ZG,0.0,0.0,0.375,0.6,,,,0
2023-02-26,MTCH,-0.1555555555555555,0.2888888888888889,-0.0163690476190476,0.494047619047619,,,,0
2023-02-26,TTD,0.2964285714285714,0.6026785714285714,0.17638888888888885,0.4658333333333333,,,,0
2023-02-27,ZG,0.10416666666666663,0.14999999999999997,0.10937795866340072,0.37512891213348526,42.0099983215332,41.40999984741211,0.5999984741210938,1
2023-02-28,EA,0.3928571428571428,0.5178571428571428,0.10256734006734,0.3987584175084175,110.68000030517578,110.94000244140624,-0.26000213623045454,0
2023-02-28,TTD,0.21666666666666667,0.2916666666666667,0.1280864197530864,0.29691358024691356,55.380001068115234,55.959999084472656,-0.5799980163574219,0
2023-02-28,ZG,-0.1,0.1,0.13,0.4199999999999999,41.459999084472656,41.34999847412109,0.1100006103515696,1
2023-03-01,MTCH,0.23484848484848478,0.39393939393939387,0.1296176046176046,0.2903032153032153,41.56999969482422,41.619998931884766,-0.049999237060546875,0
2023-03-01,TTD,1.0,0.3,0.4791666666666667,0.7708333333333333,55.75,55.40999984741211,0.3400001525878906,1
2023-03-01,ZG,-0.014583333333333344,0.41666666666666663,0.06721355085243975,0.42748295120517343,41.59999847412109,40.810001373291016,0.789997100830071,1
2023-03-02,EA,0.001111111111111153,0.47388888888888886,0.0469444444444444,0.41362037037037036,110.41000366210938,112.29000091552734,-1.8799972534179688,0
2023-03-02,MTCH,-0.0777777777777777,0.1777777777777777,0.0657196969696969,0.4172348484848485,40.95000076293945,41.720001220703125,-0.7700004577636719,0
2023-03-02,TTD,0.11428571428571427,0.20595238095238097,0.31881226053639844,0.733103448275862,54.81999969482422,56.38999938964844,-1.5699996948242188,0
2023-03-02,ZG,0.0833333333333333,0.3,-0.0018787878787878,0.2718484848484848,40.40999984741211,41.540000915527344,-1.1300010681152344,0
2023-03-03,TTD,0.0,0.0,0.2867305194805194,0.6428894901394901,56.810001373291016,57.290000915527344,-0.4799995422363281,0
2023-03-03,ZG,0.0,0.0,0.0394877344877344,0.3950649350649351,41.4900016784668,42.54999923706055,-1.05999755859375,0
2023-03-04,MTCH,0.2142857142857142,0.6428571428571429,0.0833333333333333,0.2569444444444444,,,,0
2023-03-05,EA,0.5,0.5,0.525,0.5416666666666666,,,,0
2023-03-05,TTD,-0.2277777777777778,0.3444444444444444,0.412,0.506,,,,0
2023-03-06,EA,0.2833333333333333,0.3333333333333333,0.13306559660901396,0.4218639250572023,112.98999786376952,113.19000244140624,-0.20000457763671875,0
2023-03-06,TTD,0.0,0.0666666666666666,0.1166666666666666,0.4866666666666667,57.95000076293945,56.83000183105469,1.1199989318847656,1
2023-03-06,ZG,0.3181818181818181,0.47727272727272724,0.14250116550116546,0.42133333333333334,42.27000045776367,41.77000045776367,0.5,1
2023-03-07,MTCH,0.0,0.0,0.0,0.0,39.90999984741211,38.83000183105469,1.0799980163574219,1
2023-03-07,TTD,0.5,0.5,0.0,0.125,56.88999938964844,57.63999938964844,-0.75,0
2023-03-07,ZG,0.0,0.25,0.0756169043374926,0.4401646931499872,41.72999954223633,41.0099983215332,0.720001220703125,1
2023-03-08,MTCH,0.0,0.0,0.2166666666666666,0.6166666666666667,38.54999923706055,38.06999969482422,0.4799995422363281,1
2023-03-08,ZG,0.0,0.0,0.2095295055821371,0.503548644338118,40.72999954223633,41.08000183105469,-0.3500022888183594,0
2023-03-09,TTD,0.12,0.2,0.228498778998779,0.5010772283272283,57.0,55.7599983215332,1.2400016784667969,1
2023-03-10,TTD,0.0861111111111111,0.29097222222222224,0.15978174603174594,0.4479563492063492,55.39500045776367,53.34999847412109,2.0450019836425852,1
2023-03-11,EA,0.7,0.55,0.1727746374329108,0.4057197099463284,,,,0
2023-03-11,MTCH,0.0,0.125,0.5,0.5,,,,0
2023-03-13,TTD,0.1,0.45,0.1,0.45,52.09999847412109,54.25,-2.1500015258789134,0
2023-03-13,ZG,0.25,0.45,0.06242285401002505,0.3342019110275689,37.83000183105469,39.459999084472656,-1.6299972534179688,0
2023-03-14,CRM,0.0,0.0,0.15,0.6208333333333333,180.0,182.88999938964844,-2.8899993896484375,0
2023-03-14,MTCH,0.29523809523809524,0.41190476190476194,0.24785353535353538,0.5157096171802055,36.54999923706055,36.7400016784668,-0.19000244140625,0
2023-03-14,ZG,0.25,0.8500000000000001,0.0,0.1,40.65999984741211,39.61000061035156,1.0499992370605469,1
2023-03-15,CRM,0.06818181818181815,0.22727272727272724,0.1198153409090909,0.2806344696969697,179.16000366210938,182.91000366210935,-3.7499999999999716,0
2023-03-15,ZG,0.0,0.05,0.16471464646464645,0.4308451178451178,38.810001373291016,39.91999816894531,-1.1099967956542969,0
2023-03-16,CRM,0.25,0.25,0.18071349206349205,0.5619174603174601,183.3000030517578,187.3000030517578,-4.0,0
2023-03-16,ZG,0.4181818181818181,0.7272727272727273,0.1363636363636363,0.4545454545454545,39.52999877929688,40.84999847412109,-1.3199996948242045,0
2023-03-17,CRM,0.075,0.15833333333333333,0.2533780492197355,0.5335275464948225,186.0399932861328,184.8500061035156,1.189987182617216,1
2023-03-17,MTCH,-0.0222222222222222,0.2888888888888889,0.07071914632246133,0.4247585741230537,36.66999816894531,36.720001220703125,-0.0500030517578125,0
2023-03-17,TTD,0.2678571428571428,0.6928571428571428,0.05,0.55625,57.77000045776367,58.5099983215332,-0.7399978637695312,0
2023-03-17,ZG,-0.0777777777777777,0.1777777777777777,0.0531455862977602,0.4068017127799737,40.369998931884766,39.810001373291016,0.55999755859375,1
2023-03-18,TTD,0.0,0.0,0.4139393939393939,0.4725757575757575,,,,0
2023-03-19,MTCH,0.35,0.5,0.0870338270544882,0.3766743311784634,,,,0
2023-03-19,TTD,-0.125,0.375,-0.15,0.3,,,,0
2023-03-20,CRM,-0.2,0.5,0.1021739130434782,0.4709972394755002,184.2100067138672,185.25,-1.0399932861328125,0
2023-03-20,YELP,0.0,0.0,0.0,1.0,29.32999992370605,29.690000534057617,-0.36000061035156605,0
2023-03-21,CRM,0.5,0.2,0.2694921536796536,0.48758297258297256,185.8699951171875,188.67999267578125,-2.80999755859375,0
2023-03-21,EA,-0.0357142857142857,0.0714285714285714,0.1122650506544737,0.43307419543597414,113.11000061035156,114.94000244140624,-1.8300018310546733,0
2023-03-21,TTD,0.6428571428571428,0.4178571428571428,0.255,0.5164285714285715,57.34999847412109,59.2400016784668,-1.8900032043457102,0
2023-03-21,ZG,-0.07500000000000001,0.45,0.1228379028379028,0.4128200156325156,40.4900016784668,41.93999862670898,-1.4499969482421804,0
2023-03-22,CRM,0.425,0.575,0.1395641895141895,0.4192731120731119,190.0,186.50999450683597,3.490005493164034,1
2023-03-22,TTD,0.0,0.0,0.0,0.0,59.5,57.88999938964844,1.6100006103515625,1
2023-03-22,YELP,0.0,0.0,0.1015322580645161,0.4057258064516129,30.1299991607666,29.86000061035156,0.2699985504150426,1
2023-03-23,CRM,0.0,0.0,0.2217075673244505,0.4986492944285151,187.3999938964844,187.44000244140625,-0.04000854492184658,0
2023-03-23,EA,0.2,0.2,0.1617424242424242,0.3747895622895622,113.79000091552734,116.04000091552734,-2.25,0
2023-03-23,TTD,0.0714285714285714,0.1339285714285714,0.0439484126984127,0.6528373015873016,59.310001373291016,60.18999862670898,-0.8799972534179616,0
2023-03-24,CRM,0.25,0.3,0.156314935064935,0.48459614459614453,186.5,190.05999755859372,-3.5599975585937216,0
2023-03-24,TTD,0.11428571428571427,0.45595238095238094,0.12932385075242217,0.3678073249501821,59.66999816894531,60.45000076293945,-0.7800025939941406,0
2023-03-24,ZG,0.0071428571428571,0.15357142857142855,0.0383447570947571,0.32139249639249634,42.09999847412109,42.560001373291016,-0.460002899169929,0
2023-03-25,CRM,-0.05,0.1625,0.2012626262626262,0.3768939393939394,,,,0
2023-03-26,CRM,0.0,0.1,0.0136363636363636,0.3272727272727273,,,,0
2023-03-26,MTCH,0.4,0.8,0.2174966765517945,0.5034401949756279,,,,0
2023-03-26,TTD,1.0,0.3,0.0601449275362318,0.4952898550724637,,,,0
2023-03-27,CRM,0.03787878787878787,0.034343434343434336,0.1428031693112488,0.3574181610646967,188.9199981689453,191.25999450683597,-2.3399963378906534,0
2023-03-27,EA,0.0,0.0,0.1152222222222222,0.4667174603174603,118.9000015258789,118.63999938964844,0.26000213623046875,1
2023-03-27,TTD,0.125,0.1875,0.2598918215405285,0.5218684847240882,61.0,59.900001525878906,1.0999984741210938,1
2023-03-28,CRM,0.06666666666666667,0.06666666666666667,0.3744280467007739,0.5036370195461105,191.17999267578125,192.3000030517578,-1.1200103759765625,0
2023-03-28,TTD,0.3055555555555556,0.5666666666666667,0.011507936507936502,0.22012471655328797,59.630001068115234,58.2400016784668,1.3899993896484375,1
2023-03-28,YELP,0.1595238095238095,0.3011904761904762,0.1230413105413105,0.4635734635734636,30.040000915527344,29.729999542236328,0.3100013732910156,1
2023-03-28,ZG,0.0,0.0,0.1622297094938604,0.5271233902365976,41.58000183105469,41.630001068115234,-0.049999237060546875,0
2023-03-29,CRM,0.0820833333333333,0.4220833333333333,-0.015990151154565077,0.6155593138498635,193.13999938964844,196.63999938964844,-3.5,0
2023-03-29,EA,0.0,0.0,0.22185966810966812,0.4201944444444444,118.08000183105467,119.19000244140624,-1.1100006103515625,0
2023-03-29,MTCH,0.0,0.0,0.0499999999999999,0.75,40.13999938964844,39.16999816894531,0.970001220703125,1
2023-03-29,YELP,0.0,0.0,-0.125,0.375,29.959999084472656,29.88999938964844,0.0699996948242152,1
2023-03-29,ZG,-0.1074074074074074,0.1518518518518518,0.0124999999999999,0.3322916666666666,42.41999816894531,42.59000015258789,-0.17000198364257812,0
2023-03-30,CRM,-0.1555555555555555,0.2888888888888889,0.1073330132309005,0.4424053157327804,197.7700042724609,196.6000061035156,1.1699981689453125,1
2023-03-30,EA,0.08928571428571429,0.17857142857142858,0.0070871985157699375,0.4722577819006391,120.0,119.0999984741211,0.9000015258789062,1
2023-03-30,TTD,0.25,0.075,0.051220779220779146,0.35690836940836934,61.22999954223633,60.09000015258789,1.1399993896484375,1
2023-03-30,ZG,0.0,0.0833333333333333,0.0638888888888888,0.2574074074074073,43.09999847412109,42.16999816894531,0.9300003051757741,1
2023-03-31,CRM,0.06000000000000002,0.22166666666666662,0.15781004953862093,0.45040731482160046,197.4900054931641,199.77999877929688,-2.289993286132784,0
2023-03-31,TTD,0.0,0.0,0.0755621431708388,0.3917794403663969,60.09999847412109,60.90999984741211,-0.8100013732910227,0
2023-04-01,ZG,0.0,0.0,0.2033333333333333,0.4066666666666667,,,,0
2023-04-02,TTD,0.25,0.375,0.0371212121212121,0.30574795574795577,,,,0
2023-04-03,CRM,0.15,0.05,0.06918590668590666,0.21192480359147026,198.22000122070312,196.4900054931641,1.729995727539034,1
2023-04-04,CRM,0.0,0.0,0.0,0.0,198.1499938964844,197.1999969482422,0.9499969482422159,1
2023-04-04,EA,-0.04166666666666665,0.04166666666666665,0.26549715909090904,0.6473342803030304,121.43000030517578,125.23999786376952,-3.809997558593736,0
2023-04-04,PYPL,0.15113636363636365,0.440530303030303,0.12685381021095307,0.40091738816738814,75.45999908447266,75.26000213623047,0.1999969482421875,1
2023-04-04,TTD,0.35000000000000003,0.26666666666666666,0.04098244348244346,0.2978559403559404,61.11000061035156,60.58000183105469,0.529998779296875,1
2023-04-04,ZG,0.5,0.5,0.1821995464852607,0.4798185941043084,44.0099983215332,43.29999923706055,0.7099990844726562,1
2023-04-05,CRM,0.25,0.25,0.15247441951987406,0.5088994654335564,198.0,195.30999755859372,2.6900024414062784,1
2023-04-05,EA,0.0,0.0,0.0,0.0,125.23999786376952,126.1500015258789,-0.9100036621093892,0
2023-04-05,PYPL,0.3571428571428571,0.2671428571428572,0.1658676664605236,0.46758990672026385,75.11000061035156,73.61000061035156,1.5,1
2023-04-05,TTD,0.0,0.0,0.0636363636363636,0.3999999999999999,59.72999954223633,58.63999938964844,1.0900001525878906,1
2023-04-06,CRM,0.0,0.0,0.1850372023809523,0.4401281415343915,194.0,192.5500030517578,1.4499969482421875,1
2023-04-06,EA,-0.2,0.2,0.1925189393939394,0.3609577922077922,125.8000030517578,125.16000366210938,0.6399993896484233,1
2023-04-06,MTCH,0.0,0.0,-0.037817821067821,0.3505649350649351,35.70000076293945,35.720001220703125,-0.020000457763671875,0
2023-04-06,PYPL,0.6026041666666666,0.5302083333333333,0.05518696746375312,0.5727749003641861,73.2699966430664,74.95999908447266,-1.69000244140625,0
2023-04-06,TTD,0.5,0.5,0.1111111111111111,0.3333333333333333,58.0,60.84999847412109,-2.8499984741210866,0
2023-04-06,ZG,0.25,0.5,0.1392857142857143,0.2321428571428571,42.58000183105469,43.91999816894531,-1.339996337890625,0
2023-04-07,CRM,0.0,0.0,0.7,0.6000000000000001,,,,0
2023-04-07,EA,0.4,0.4,0.2167540792540792,0.3889277389277389,,,,0
2023-04-07,MTCH,0.0,0.0,0.16860119047619046,0.3566964285714285,,,,0
2023-04-07,PYPL,0.2142857142857142,0.6428571428571429,0.3433333333333333,0.4816666666666667,,,,0
2023-04-07,TTD,0.1178571428571429,0.6428571428571428,0.5125,0.6458333333333333,,,,0
2023-04-07,ZG,0.0,0.0,0.1084153297682709,0.4217718360071302,,,,0
2023-04-08,EA,0.3,0.1,0.4119047619047619,0.6976190476190476,,,,0
2023-04-08,MTCH,0.2166666666666666,0.3833333333333333,0.1012618181818182,0.34452,,,,0
2023-04-08,PYPL,0.4383597883597883,0.6041005291005291,0.2384259259259259,0.5453703703703704,,,,0
2023-04-08,TTD,0.8214285714285714,0.3589285714285714,0.30888888888888877,0.5853174603174603,,,,0
2023-04-09,MTCH,1.0,0.3,0.2036763741309195,0.4954653679653676,,,,0
2023-04-09,PYPL,-0.3125,0.6875,-0.0175,0.49,,,,0
2023-04-09,ZG,-0.0508333333333333,0.5341666666666667,0.08982804277111571,0.4242124503270413,,,,0
2023-04-10,CRM,0.4701388888888889,0.3736111111111111,0.12966893897928378,0.4101440928165066,190.58999633789065,191.4900054931641,-0.9000091552734375,0
2023-04-10,EA,0.0,0.0,0.4,0.8,124.79000091552734,125.62000274658205,-0.8300018310547017,0
2023-04-10,PYPL,0.5,0.26666666666666666,0.10192743764172334,0.2811791383219955,74.45999908447266,74.5199966430664,-0.05999755859375,0
2023-04-10,TTD,0.46111111111111114,0.5722222222222222,0.04999999999999995,0.6797619047619048,59.84000015258789,61.52000045776367,-1.6800003051757812,0
2023-04-10,ZG,0.06818181818181815,0.22727272727272724,0.0325180375180375,0.26445165945165944,43.31999969482422,44.06999969482422,-0.75,0
2023-04-11,CRM,0.0,0.0,0.0835187080431645,0.5008049895957503,189.05999755859372,188.88999938964844,0.16999816894528408,1
2023-04-11,EA,0.01666666666666665,0.31666666666666665,0.31675595238095233,0.43505772005772003,125.12999725341795,125.68000030517578,-0.5500030517578267,0
2023-04-11,MTCH,0.1999999999999999,0.3190476190476191,0.3025974025974026,0.5536126571840858,36.16999816894531,36.09999847412109,0.06999969482422586,1
2023-04-11,PYPL,0.010899470899470898,0.1460846560846561,-0.05462716322290795,0.5971836858964519,76.02999877929688,73.58000183105469,2.4499969482421875,1
2023-04-11,ZG,0.0,0.0,0.1699307359307359,0.4625627705627705,43.77999877929688,43.810001373291016,-0.03000259399413352,0
2023-04-12,CRM,-0.15,0.25,0.25917692939244663,0.6211035851122059,190.3000030517578,190.32000732421875,-0.0200042724609375,0
2023-04-12,EA,0.25,0.15,0.2011217948717948,0.5009615384615385,126.27999877929688,126.12999725341795,0.15000152587892046,1
2023-04-12,MTCH,0.0,0.0,0.0,0.0,36.540000915527344,34.380001068115234,2.1599998474121094,1
2023-04-12,PYPL,0.0976190476190476,0.2226190476190476,0.029353455186788502,0.3721584896584897,73.94000244140625,73.5,0.44000244140625,1
2023-04-12,TTD,1.0,0.3,0.1792094017094017,0.4251282051282052,62.595001220703125,60.02000045776367,2.575000762939453,1
2023-04-12,YELP,0.0,0.0,0.1502035506580961,0.3878588919498011,31.020000457763672,30.34000015258789,0.6800003051757812,1
2023-04-12,ZG,-0.038888888888888876,0.07222222222222223,0.1,0.434375,44.65999984741211,44.75,-0.09000015258789062,0
2023-04-13,BABA,0.1919642857142857,0.4044642857142857,0.103849610377992,0.47333974376848775,95.875,96.16999816894533,-0.2949981689453267,0
2023-04-13,CRM,0.0,0.0,0.12569925444925445,0.4448550986050985,190.4499969482422,194.0200042724609,-3.5700073242187216,0
2023-04-13,EA,0.2142857142857143,0.6071428571428571,0.15,0.475,126.58000183105467,128.27999877929688,-1.6999969482422017,0
2023-04-13,GOOG,0.0,0.39,0.08902183014354065,0.5456015464798359,106.47000122070312,108.19000244140624,-1.7200012207031108,0
2023-04-13,PYPL,0.25,0.5,0.075,0.1361111111111111,73.70999908447266,75.5199966430664,-1.80999755859375,0
2023-04-13,ZG,-0.15,0.2166666666666666,0.2,0.3,45.11000061035156,44.93000030517578,0.18000030517578125,1
2023-04-15,BABA,-0.1,0.225,0.13935335497835494,0.49913419913419915,,,,0
2023-04-15,CRM,0.35,0.33333333333333337,0.0359707796288678,0.4789367087161204,,,,0
2023-04-15,EA,0.0,0.0,0.4,0.8,,,,0
2023-04-15,GOOG,0.0,0.0,0.2952380952380952,0.5997354497354498,,,,0
2023-04-15,PYPL,0.0349537037037037,0.13865740740740742,0.02763548180214848,0.38195275584981464,,,,0
2023-04-15,TTD,0.39999999999999997,0.16666666666666666,0.10509259259259258,0.3150462962962963,,,,0
2023-04-15,ZG,0.5,0.9,0.0632547699214365,0.3603142536475869,,,,0
2023-04-16,BABA,0.4166666666666667,0.38333333333333336,0.13266269133916192,0.446474973827915,,,,0
2023-04-16,GOOG,0.0,0.0,0.4499999999999999,0.5,,,,0
2023-04-16,PYPL,0.0,0.0,0.1928571428571428,0.4761904761904763,,,,0
2023-04-16,TTD,0.5,0.5,0.1023809523809523,0.4535714285714285,,,,0
2023-04-16,ZG,0.0,0.0,0.5666666666666667,0.5333333333333333,,,,0
2023-04-17,BABA,-0.0005411255411255506,0.06168831168831166,0.06689068605271815,0.4534040045690202,96.73999786376952,96.41999816894533,0.31999969482419033,1
2023-04-17,CRM,-0.06875,0.17625,0.02229349039992562,0.3940524833028152,195.16000366210935,197.0800018310547,-1.919998168945341,0
2023-04-17,EA,0.5,0.15,0.0450323547979798,0.4992976641414141,127.37000274658205,128.0800018310547,-0.709999084472642,0
2023-04-17,GOOG,0.09583333333333333,0.3,0.0878702735866953,0.33250581359603915,105.43000030517578,106.41999816894533,-0.9899978637695455,0
2023-04-17,PYPL,0.23409090909090907,0.30113636363636365,0.2026153687169312,0.6485375330687831,76.83499908447266,77.33000183105469,-0.49500274658203125,0
2023-04-17,TTD,0.0,0.0,0.2541666666666666,0.5,60.70000076293945,61.20000076293945,-0.5,0
2023-04-17,YELP,0.06818181818181815,0.22727272727272724,0.025416666666666657,0.45666666666666655,30.57999992370605,30.3700008392334,0.2099990844726527,1
2023-04-17,ZG,0.375,0.35,0.1384848484848485,0.3645454545454545,44.5099983215332,44.560001373291016,-0.0500030517578125,0
2023-04-18,ATVI,-0.05,0.3,-0.03837430798368295,0.4570455354830355,85.5999984741211,85.55000305175781,0.04999542236328125,1
2023-04-18,BABA,0.1285714285714286,0.2857142857142857,0.16368089415135506,0.42814639140014743,99.0199966430664,95.48999786376952,3.529998779296889,1
2023-04-18,CRM,0.15,0.19999999999999998,0.16146286697644927,0.3669788392453927,199.0800018310547,198.5,0.5800018310546875,1
2023-04-18,EA,0.04034090909090907,0.3875,0.04852371344624032,0.3690723838768206,128.80999755859375,129.0399932861328,-0.2299957275390625,0
2023-04-18,GOOG,0.01136363636363635,0.073989898989899,0.05393010767161583,0.43153195536347705,107.0,105.12000274658205,1.8799972534179545,1
2023-04-18,MTCH,1.0,1.0,0.11005291005291,0.3415343915343915,36.16999816894531,35.209999084472656,0.9599990844726562,1
2023-04-18,PYPL,0.05757575757575753,0.303030303030303,0.05733064774731437,0.3086233588085439,77.70999908447266,76.41999816894531,1.2900009155273438,1
2023-04-18,ZG,-0.25,0.5,0.10678787878787879,0.4763647186147187,44.83000183105469,44.43999862670898,0.39000320434571023,1
2023-04-19,BABA,-0.13333333333333333,0.13333333333333333,0.04700761367428034,0.30583007249673916,94.5999984741211,93.48999786376952,1.1100006103515767,1
2023-04-19,CRM,0.1363636363636363,0.4545454545454545,0.0248376623376623,0.4444805194805195,196.3000030517578,198.9199981689453,-2.6199951171875,0
2023-04-19,MTCH,0.0,0.0,0.1764722222222222,0.3796944444444444,34.61000061035156,35.119998931884766,-0.5099983215332031,0
2023-04-19,PYPL,0.3333333333333333,0.21666666666666667,0.093867839701173,0.4227448931615598,75.30000305175781,75.31999969482422,-0.01999664306640625,0
2023-04-19,TTD,0.33888888888888885,0.45555555555555555,0.20856235827664402,0.5371802721088436,60.93000030517578,61.61000061035156,-0.6800003051757812,0
2023-04-19,ZG,0.45925925925925926,0.21851851851851847,0.11513813878498343,0.45088477987056347,43.79999923706055,44.72999954223633,-0.9300003051757812,0
2023-04-20,ATVI,0.0,0.0,0.14453846500721496,0.521365502745711,85.66000366210938,85.56999969482422,0.09000396728515625,1
2023-04-20,BABA,0.2,0.175,-0.09253246753246751,0.3626623376623376,93.3499984741211,90.73999786376952,2.6100006103515767,1
2023-04-20,CRM,0.15833333333333335,0.6583333333333333,0.197702033426007,0.5527154346142615,197.17999267578125,197.50999450683597,-0.3300018310547159,0
2023-04-20,GOOG,0.0,0.0,0.0,1.0,104.6500015258789,105.9000015258789,-1.25,0
2023-04-20,INTC,0.10000000000000002,0.3333333333333333,0.1550884273022827,0.565964217620844,30.63455166109279,30.73414421081543,-0.0995925497226402,0
2023-04-20,PYPL,0.3333333333333333,0.3333333333333333,0.11611580169511204,0.4564406246371764,74.4000015258789,73.58000183105469,0.8199996948242188,1
2023-04-20,TTD,0.0,0.0,0.0849,0.4434412698412698,60.525001525878906,62.220001220703125,-1.6949996948242188,0
2023-04-20,YELP,0.125,0.1666666666666666,0.0,0.0,29.459999084472656,29.209999084472656,0.25,1
2023-04-20,ZG,0.10894696969696971,0.4919621212121212,0.2016841029341029,0.5618716555435306,44.290000915527344,44.040000915527344,0.25,1
2023-04-21,BABA,-0.12670454545454546,0.2630681818181818,0.09601641414141412,0.3278966750841751,89.95999908447266,89.12999725341797,0.8300018310546875,1
2023-04-21,CRM,0.3361111111111111,0.44722222222222224,0.0424192533235086,0.1669026895090725,197.02999877929688,199.02999877929688,-2.0,0
2023-04-21,EA,0.3303030303030302,0.6393939393939394,0.2058632543926661,0.5243347338935574,129.0500030517578,129.11000061035156,-0.05999755859375,0
2023-04-21,GOOG,0.22083333333333333,0.37083333333333335,0.06334775050395873,0.4006909393516536,106.08999633789062,105.91000366210938,0.17999267578125,1
2023-04-21,INTC,-0.016666666666666666,0.06666666666666667,0.18594249252731387,0.43530377112966395,30.71422454908289,30.17642593383789,0.5377986152449985,1
2023-04-21,PYPL,0.2,0.6,0.1720527983920841,0.4953703703703702,73.4000015258789,74.18000030517578,-0.779998779296875,0
2023-04-22,BABA,0.0,0.0,0.3847107438016528,0.6112603305785124,,,,0
2023-04-22,EA,0.0,0.55,0.3308823529411764,0.5151960784313726,,,,0
2023-04-22,GOOG,0.0,0.0,0.2331481481481481,0.4701851851851852,,,,0
2023-04-22,PYPL,0.3333333333333333,0.3333333333333333,0.2212499999999999,0.6308333333333334,,,,0
2023-04-22,TTD,0.065079365079365,0.4123015873015873,0.1688888888888888,0.4711111111111111,,,,0
2023-04-23,BABA,0.25,0.25,0.095,0.4783333333333333,,,,0
2023-04-23,GOOG,0.03333333333333333,0.13333333333333333,-0.0177314814814815,0.3479783950617284,,,,0
2023-04-23,INTC,0.425,0.925,0.1448593073593073,0.46024531024531024,,,,0
2023-04-23,PYPL,0.31785714285714284,0.5178571428571428,0.04599747474747475,0.33892676767676766,,,,0
2023-04-23,TTD,0.0,0.0,0.1685678774350649,0.4750852272727273,,,,0
2023-04-23,ZG,0.0,0.0,0.1311167227833894,0.3481281064614397,,,,0
2023-04-24,ATVI,0.0,0.0,0.3333333333333333,0.6,85.25,86.08999633789062,-0.839996337890625,0
2023-04-24,BABA,-0.1276948051948052,0.4388744588744589,0.19298959836459834,0.4119979557479557,88.4000015258789,86.88999938964844,1.5100021362304688,1
2023-04-24,CRM,0.0,0.16666666666666666,0.10868642297213724,0.4620493754422324,198.4499969482422,194.9199981689453,3.529998779296875,1
2023-04-24,GOOG,0.08333333333333333,0.16666666666666666,0.08757844007844003,0.5557589940923274,106.0500030517578,106.77999877929688,-0.7299957275390767,0
2023-04-24,INTC,0.06944444444444443,0.47222222222222215,0.16597222222222222,0.47291666666666665,30.007118285764573,29.53903579711914,0.46808248864543245,1
2023-04-24,PYPL,0.2976190476190476,0.33928571428571425,-0.054341991341991365,0.44922366522366514,74.41000366210938,74.29000091552734,0.12000274658203125,1
2023-04-24,TTD,-0.020238095238095253,0.1505952380952381,-0.00522038567493115,0.41254304407713493,62.2599983215332,61.459999084472656,0.7999992370605469,1
2023-04-25,ATVI,0.0,0.0,0.1272727272727272,0.5909090909090909,85.91000366210938,86.73999786376953,-0.8299942016601562,0
2023-04-25,BABA,0.3329081632653061,0.3864795918367347,0.035235743181721554,0.3727965797041427,85.31999969482422,82.91999816894531,2.4000015258789062,1
2023-04-25,CRM,0.17727272727272725,0.25,0.19956282842749004,0.44908088583652495,193.97000122070312,190.6699981689453,3.3000030517578125,1
2023-04-25,GOOG,0.10873015873015872,0.21428571428571427,0.10809854012475659,0.4586894507063392,106.61000061035156,104.61000061035156,2.0,1
2023-04-25,INTC,0.0,0.0,0.16249999999999995,0.593452380952381,29.31993406262699,28.762216567993164,0.5577174946338275,1
2023-04-25,MTCH,-0.1,0.4,0.0858518915219946,0.4761648145668763,34.41999816894531,33.16999816894531,1.25,1
2023-04-25,NVDA,-0.04285714285714286,0.21428571428571427,0.062021709748112795,0.5162121642252798,270.7799987792969,262.4100036621094,8.3699951171875,1
2023-04-25,PYPL,0.175,0.175,0.27424485236985235,0.5408996096496096,73.9000015258789,71.77999877929688,2.1200027465820312,1
2023-04-25,YELP,0.03409090909090905,0.1136363636363636,0.1977738611026654,0.45278251187218577,29.0,28.540000915527344,0.45999908447265625,1
2023-04-26,ATVI,-0.007442436790262883,0.178225578769057,0.05767989927222215,0.47215875456338025,79.0999984741211,76.80999755859375,2.2900009155273438,1
2023-04-26,BABA,0.03660714285714285,0.22723214285714285,0.08225257897801341,0.36592146611991194,85.04000091552734,82.81999969482422,2.220001220703125,1
2023-04-26,CRM,0.05555555555555553,0.05555555555555553,0.24820261437908495,0.47532679738562084,192.6199951171875,191.5200042724609,1.099990844726591,1
2023-04-26,EA,0.4666666666666667,0.6166666666666667,0.0725,0.468125,126.20999908447266,125.12000274658205,1.0899963378906108,1
2023-04-26,GOOG,0.08479166666666667,0.185,0.1371703035383027,0.44953848335385316,105.55999755859376,104.4499969482422,1.1100006103515625,1
2023-04-26,INTC,0.15,0.45,0.1396007089241034,0.5005302864821214,29.08091404959013,28.9315242767334,0.1493897728567326,1
2023-04-26,MTCH,-0.05,0.2,0.1053318903318903,0.4749909812409811,33.66999816894531,33.130001068115234,0.5399971008300781,1
2023-04-26,NVDA,0.19,0.10500000000000001,0.17240393875671653,0.45254466079188294,270.0199890136719,269.5599975585937,0.45999145507818184,1
2023-04-26,PYPL,0.04,0.265,0.2618901466069833,0.4969212312630679,71.20999908447266,72.05999755859375,-0.8499984741210938,0
2023-04-26,TTD,0.15892857142857142,0.28809523809523807,0.1920486111111111,0.40427083333333336,60.5,60.0,0.5,1
2023-04-26,ZG,0.325,0.275,0.11856741621716377,0.39444269492110295,42.7400016784668,40.7599983215332,1.9800033569335938,1
2023-04-27,ATVI,0.004761904761904763,0.22328042328042327,0.053141788776691797,0.3227847609638041,77.16999816894531,77.61000061035156,-0.44000244140625,0
2023-04-27,BABA,0.35,0.5,0.110065897065897,0.4732112794612793,83.06999969482422,84.47000122070312,-1.4000015258789062,0
2023-04-27,CRM,0.0,0.0,0.132283822619957,0.3875063661828368,194.1699981689453,195.94000244140625,-1.7700042724609375,0
2023-04-27,GOOG,-0.029861111111111116,0.23611111111111108,0.1168382830061464,0.40671082654996327,105.2300033569336,108.37000274658205,-3.1399993896484517,0
2023-04-27,INTC,-0.09317632850241546,0.2935386473429952,0.048174996357392155,0.43045436742589394,28.63274844397148,29.738222122192383,-1.1054736782209034,0
2023-04-27,MTCH,-0.051851851851851836,0.09629629629629631,0.24444444444444446,0.47500000000000003,33.54499816894531,34.9900016784668,-1.4450035095214844,0
2023-04-27,NVDA,0.14444444444444446,0.20277777777777778,0.15107601121256584,0.47701775659758855,273.6300048828125,272.260009765625,1.3699951171875,1
2023-04-27,PYPL,0.26,0.2,0.23079640123506578,0.5093999761740444,73.0,74.2699966430664,-1.2699966430664062,0
2023-04-27,TTD,-0.1928571428571428,0.8214285714285714,-0.3,0.5333333333333333,61.72999954223633,64.22000122070312,-2.490001678466797,0
2023-04-27,YELP,-0.05,0.2,0.04840697919966215,0.2386801376130643,28.84000015258789,29.549999237060547,-0.7099990844726562,0
2023-04-27,ZG,0.2,0.3,0.1392288961038961,0.5823304473304474,42.2599983215332,41.720001220703125,0.5399971008300781,1
2023-04-28,AMD,0.006904761904761897,0.2119047619047619,0.08790105264124352,0.33798646210629246,87.0199966430664,89.37000274658203,-2.350006103515625,0
2023-04-28,ATVI,-0.01818181818181818,0.062121212121212126,-0.013399730149659833,0.33536678723492686,77.66000366210938,77.70999908447266,-0.04999542236328125,0
2023-04-28,BABA,0.0663265306122449,0.28520408163265304,0.16139184429665093,0.492487580653305,84.18000030517578,84.69000244140625,-0.5100021362304688,0
2023-04-28,CRM,0.0,0.0,0.0,0.0,196.1499938964844,198.3699951171875,-2.2200012207030966,0
2023-04-28,EA,0.35,0.25,0.10776721014492754,0.3185461956521739,126.44000244140624,127.27999877929688,-0.8399963378906392,0
2023-04-28,GOOG,0.06111111111111112,0.1638888888888889,0.1454660809228915,0.4988064409468756,107.8000030517578,108.22000122070312,-0.4199981689453267,0
2023-04-28,INTC,0.08224206349206349,0.30205853174603176,0.09260944750877383,0.33942264955472773,31.849574738990853,30.933326721191406,0.9162480177994468,1
2023-04-28,NVDA,0.03125000000000002,0.28541666666666665,0.0829866372053872,0.4275857533670034,272.25,277.489990234375,-5.239990234375,0
2023-04-28,PYPL,0.00189393939393935,0.14659090909090905,0.1776785714285714,0.4681547619047619,74.23999786376953,76.0,-1.7600021362304688,0
2023-04-28,ZG,0.7,0.9,-0.1666666666666666,0.0666666666666666,41.59999847412109,42.77999877929688,-1.1800003051757955,0
2023-04-29,ATVI,0.1363636363636363,0.4545454545454545,0.1375311196739768,0.4532376353804925,,,,0
2023-04-29,CRM,0.5,0.5,0.1517826078242745,0.4256208914542246,,,,0
2023-04-29,GOOG,-0.5,0.55,-0.325,0.475,,,,0
2023-04-29,INTC,-0.5,0.55,-0.325,0.475,,,,0
2023-04-29,META,0.0,0.0,0.1339640022675737,0.3590632086167801,,,,0
2023-04-29,NVDA,0.30833333333333335,0.37083333333333335,0.010119047619047604,0.45178571428571423,,,,0
2023-04-29,TTD,0.0,0.0666666666666666,0.1799175824175824,0.4227380952380953,,,,0
2023-04-29,ZG,0.0,0.0,0.055013197081378896,0.3739722789495516,,,,0
2023-04-30,AMD,0.2,0.425,0.18934053884711774,0.42823464912280707,,,,0
2023-04-30,ATVI,-0.0333333333333333,0.1208333333333333,0.1347337006427915,0.4193669651056015,,,,0
2023-04-30,GOOG,0.0,0.25,0.2410714285714285,0.3738095238095238,,,,0
2023-04-30,INTC,0.0,0.3333333333333333,0.0166666666666667,0.34722222222222227,,,,0
2023-04-30,META,0.1964285714285714,0.5089285714285714,0.10625,0.41712962962962963,,,,0
2023-04-30,NVDA,-0.012499999999999975,0.5,0.14106617647058822,0.46758753501400563,,,,0
2023-04-30,TTD,0.0,0.0,-0.0071428571428571,0.3428571428571428,,,,0
2023-05-01,AMD,0.4138888888888889,0.6277777777777778,0.19939270152505448,0.5224237472766884,91.02999877929688,89.69000244140625,1.339996337890625,1
2023-05-01,ATVI,0.0,0.0,-0.04099652199652204,0.4164122174122174,77.5999984741211,77.43000030517578,0.1699981689453125,1
2023-05-01,BABA,0.0,0.0,0.07351740164877918,0.3487293012420563,84.1500015258789,84.16000366210938,-0.01000213623046875,0
2023-05-01,CRM,0.25,0.3,0.1875,0.5375000000000001,197.75999450683597,197.7899932861328,-0.02999877929684658,0
2023-05-01,EA,0.5,0.5,0.1209077244304517,0.374313973063973,127.13999938964844,127.41999816894533,-0.2799987792968892,0
2023-05-01,GOOG,0.0625,0.14583333333333331,0.22735917955892032,0.36522088270792186,107.72000122070312,107.70999908447266,0.01000213623046875,1
2023-05-01,INTC,0.0,0.0,-0.0916666666666666,0.125,30.983123856705383,30.17642593383789,0.8066979228674924,1
2023-05-01,META,0.05263157894736842,0.1956140350877193,0.14289319229999126,0.41459418431459744,238.6199951171875,243.17999267578125,-4.55999755859375,0
2023-05-01,MTCH,0.0,0.0,0.0333333333333333,0.0666666666666666,36.77999877929688,35.970001220703125,0.8099975585937571,1
2023-05-01,NVDA,0.08272727272727273,0.24075757575757575,0.02706699024880841,0.5080914119550483,278.3999938964844,289.1000061035156,-10.70001220703125,0
2023-05-01,PYPL,0.125,0.125,0.0231264342241704,0.36685924103787493,76.02999877929688,75.11000061035156,0.9199981689453125,1
2023-05-01,ZG,0.25555555555555554,0.34444444444444444,0.2024981962481962,0.45637626262626263,43.40999984741211,43.25,0.15999984741210938,1
2023-05-02,AMD,0.09545454545454546,0.25681818181818183,0.13126109465050143,0.5298611438272401,89.31999969482422,89.91000366210938,-0.5900039672851562,0
2023-05-02,AMZN,0.10355339105339102,0.3982864357864358,0.17814531795214172,0.4928650451869101,101.47000122070312,103.62999725341795,-2.1599960327148295,0
2023-05-02,ATVI,0.0,0.0,0.0376011050353155,0.4292791638186375,77.04000091552734,76.0,1.0400009155273438,1
2023-05-02,BABA,-0.49810606060606066,0.8049242424242424,0.03866161616161615,0.4055321067821067,83.1500015258789,81.52999877929688,1.6200027465820312,1
2023-05-02,CRM,0.25,0.25,0.017747911003724998,0.2929851672874929,198.0200042724609,193.83999633789065,4.180007934570256,1
2023-05-02,EA,0.016666666666666635,0.3333333333333333,0.07654438748968828,0.3676338168119957,126.88999938964844,126.16000366210938,0.7299957275390625,1
2023-05-02,GOOG,-0.05,0.275,-0.1437499999999999,0.48020833333333335,107.66000366210938,105.9800033569336,1.6800003051757812,1
2023-05-02,INTC,0.24285714285714288,0.31428571428571433,0.055995663725494825,0.37042260709115254,30.176425442951743,29.648588180541992,0.5278372624097507,1
2023-05-02,META,0.0875,0.135,0.08321031260664997,0.3691845654855458,243.17999267578125,239.2400054931641,3.939987182617159,1
2023-05-02,MSFT,0.0,0.0,0.0756802721088435,0.381235827664399,307.0886849061363,304.7438049316406,2.3448799744956546,1
2023-05-02,MTCH,0.125,0.18240740740740738,0.01764263776759521,0.3554743302895335,35.9900016784668,34.59000015258789,1.4000015258789062,1
2023-05-02,NVDA,0.12727272727272726,0.3136363636363636,0.008425141459695818,0.6219014844353493,286.79998779296875,282.1000061035156,4.699981689453125,1
2023-05-02,PYPL,0.061111111111111095,0.05000000000000001,0.2027566581948025,0.49631733577609866,74.81999969482422,72.27999877929688,2.5400009155273438,1
2023-05-02,TSLA,0.07244668911335578,0.18181818181818182,0.05816544912866027,0.4081073282144273,161.8800048828125,160.30999755859375,1.57000732421875,1
2023-05-02,TTD,0.37878787878787873,0.25151515151515147,0.035123456790123464,0.36314814814814816,62.93999862670898,62.58000183105469,0.35999679565428977,1
2023-05-02,ZG,0.2,0.3,0.1915151515151515,0.3744949494949495,42.7400016784668,42.119998931884766,0.6200027465820312,1
2023-05-03,AMD,0.1547227733686067,0.3693678350970018,0.10511617471079708,0.4582511837548425,83.54000091552734,81.62000274658203,1.9199981689453125,1
2023-05-03,AMZN,0.24023464458247065,0.2739648033126294,0.11843943737545891,0.46854802947489793,103.73999786376952,103.6500015258789,0.08999633789061079,1
2023-05-03,ATVI,0.25,0.575,-0.0034744268077600976,0.35945987654320993,75.75,75.2300033569336,0.5199966430664062,1
2023-05-03,BABA,0.0,0.0,0.050598517643972156,0.33404827495736583,81.30500030517578,81.4800033569336,-0.1750030517578125,0
2023-05-03,CRM,0.0,0.0,0.1689266615737203,0.4947065189712249,194.2100067138672,192.6100006103516,1.6000061035155966,1
2023-05-03,EA,0.05555555555555553,0.24444444444444438,0.2455934343434343,0.5672416472416472,126.30999755859376,125.06999969482422,1.2399978637695455,1
2023-05-03,GOOG,0.0,0.05,0.0381410333493667,0.46727112393779063,106.22000122070312,106.12000274658205,0.09999847412107954,1
2023-05-03,INTC,0.33571428571428574,0.2357142857142857,0.023980118397820254,0.32824071459941023,30.51504017361665,30.524999618530277,-0.009959444913626214,0
2023-05-03,META,0.02996632996632996,0.14663299663299664,0.058602802809867155,0.4262739736013168,239.47000122070312,237.02999877929688,2.44000244140625,1
2023-05-03,MSFT,0.0210547504025765,0.2957326892109501,0.09671817117951922,0.5173972068591461,305.95118180348624,303.73602294921875,2.215158854267486,1
2023-05-03,MTCH,0.13333333333333333,0.27999999999999997,0.27226490627599,0.5370693173821253,37.66999816894531,33.56999969482422,4.099998474121094,1
2023-05-03,NVDA,0.062109375,0.305859375,0.027414909112352295,0.4968210356562629,278.3999938964844,278.0199890136719,0.3800048828125,1
2023-05-03,PYPL,0.1477272727272727,0.35,0.21518520548715356,0.4984015627229912,72.41000366210938,71.43000030517578,0.9800033569335938,1
2023-05-03,TSLA,0.06742424242424243,0.1590909090909091,0.07137309179868316,0.45294519817594786,160.00999450683594,160.61000061035156,-0.600006103515625,0
2023-05-03,TTD,0.225,0.45,0.0871428571428571,0.5842857142857143,63.34999847412109,62.5099983215332,0.8400001525878835,1
2023-05-03,ZG,0.028571428571428574,0.04285714285714286,0.09844187801453586,0.39105709009953316,42.18999862670898,41.470001220703125,0.7199974060058523,1
2023-05-04,AMD,0.1078125,0.228125,0.12371255081104411,0.4883201667504123,81.56999969482422,86.61000061035156,-5.040000915527344,0
2023-05-04,AMZN,0.2403555866791161,0.31120837223778397,0.15918756917290514,0.5149472067551565,104.04000091552734,104.0,0.04000091552734375,1
2023-05-04,ATVI,0.0625,0.10625,0.25,0.25,74.9000015258789,74.58999633789062,0.31000518798828125,1
2023-05-04,BABA,-0.019658119658119658,0.05299145299145299,0.03030275380818857,0.2943796380752902,82.38999938964844,82.48999786376953,-0.09999847412109375,0
2023-05-04,CRM,0.0,0.0,0.2443452380952381,0.4922619047619047,191.8999938964844,192.3800048828125,-0.4800109863280966,0
2023-05-04,GOOG,0.0,0.0,0.020185338747430236,0.44859016074702335,106.16000366210938,105.20999908447266,0.9500045776367188,1
2023-05-04,INTC,0.0875,0.1625,0.17680937827678256,0.4494609514400184,30.440000534057617,31.239999771118164,-0.7999992370605469,0
2023-05-04,META,0.04281045751633988,0.09640522875816993,0.0769812501431162,0.385595761537376,236.05999755859372,233.5200042724609,2.5399932861328125,1
2023-05-04,MSFT,0.11111925708699903,0.16815738025415444,0.09183963353435673,0.46549286594327094,305.5719810327556,304.7438049316406,0.8281761011149911,1
2023-05-04,MTCH,0.0,0.0,0.0837549266653744,0.3755346643406344,33.650001525878906,33.59000015258789,0.060001373291015625,1
2023-05-04,NVDA,0.3,0.3,0.03588548967566822,0.5286698919466777,276.510009765625,275.6199951171875,0.8900146484375,1
2023-05-04,PYPL,0.11666666666666665,0.16666666666666666,0.16050446998722856,0.5002713920817369,71.7699966430664,71.80999755859375,-0.04000091552734375,0
2023-05-04,TSLA,0.1975,0.2525,-0.11374658798973367,0.5111541050952312,162.7100067138672,161.1999969482422,1.510009765625,1
2023-05-04,TTD,0.5,0.26666666666666666,0.11686577849368547,0.4823168003400562,62.790000915527344,61.43999862670898,1.3500022888183665,1
2023-05-04,YELP,0.17083333333333334,0.26666666666666666,0.0299554159608507,0.4028520845096931,27.209999084472656,27.290000915527344,-0.0800018310546875,0
2023-05-04,ZG,0.18964646464646462,0.4758838383838384,0.09948899139142121,0.4301947000963153,42.400001525878906,45.880001068115234,-3.479999542236328,0
2023-05-05,AAPL,0.07846025910364146,0.22971988795518208,0.1200742889791534,0.41288029056687386,170.74382712492732,173.33026123046875,-2.5864341055414286,0
2023-05-05,AMD,0.15489926739926738,0.23598901098901098,0.1350678933230518,0.3793493232090904,84.98999786376953,89.83999633789062,-4.849998474121094,0
2023-05-05,AMZN,0.16708937198067633,0.2823671497584541,0.15543462756164553,0.4776575573352439,104.2699966430664,105.66000366210938,-1.3900070190429688,0
2023-05-05,ATVI,0.16666666666666666,0.5,0.18364258527302,0.7611422192943932,74.83000183105469,76.0,-1.1699981689453125,0
2023-05-05,BABA,0.06999999999999999,0.31,0.11990277777777776,0.42842929292929294,82.75,83.22000122070312,-0.470001220703125,0
2023-05-05,CRM,0.1787878787878788,0.4515151515151515,0.08150252525252523,0.5091695727112393,193.9499969482422,197.58999633789065,-3.639999389648466,0
2023-05-05,GOOG,-0.4,0.4,0.2831261595547309,0.5003865182436611,105.31999969482422,106.21499633789062,-0.8949966430664062,0
2023-05-05,INTC,0.0,0.0,0.1894444444444444,0.3355555555555555,31.3799991607666,30.989999771118164,0.3899993896484375,1
2023-05-05,META,-0.02052669552669553,0.14966630591630592,0.15452298749202442,0.4676336245217382,232.2400054931641,232.77999877929688,-0.5399932861327841,0
2023-05-05,MSFT,0.05344827586206896,0.14770114942528736,0.17828459491667667,0.41441451943648566,305.0531425737165,309.9723815917969,-4.919239018080361,0
2023-05-05,NVDA,0.22662337662337662,0.19253246753246753,0.10817338823995115,0.39234463699796596,278.260009765625,286.79998779296875,-8.53997802734375,0
2023-05-05,PYPL,0.0,0.0,0.18688951893177247,0.5192165302420584,72.95999908447266,74.97000122070312,-2.0100021362304688,0
2023-05-05,TSLA,-0.02407407407407406,0.18296296296296297,0.14284539145771025,0.3961390230810521,163.97000122070312,170.05999755859375,-6.089996337890625,0
2023-05-05,TTD,0.0,0.0,0.2,0.2,62.0099983215332,62.70000076293945,-0.69000244140625,0
2023-05-05,YELP,0.0,0.0,0.1387681159420289,0.4416666666666666,27.6299991607666,27.8799991607666,-0.25,0
2023-05-06,AAPL,0.2791666666666667,0.22916666666666666,0.16692756062094802,0.4431755013601137,,,,0
2023-05-06,AMD,0.16565656565656567,0.491540404040404,0.08857270622895624,0.5216493055555556,,,,0
2023-05-06,AMZN,0.25,0.29,0.14441355282144758,0.4108710982000455,,,,0
2023-05-06,GOOG,0.25,0.7,0.11294642857142854,0.3580357142857143,,,,0
2023-05-06,INTC,0.14722222222222225,0.5194444444444445,0.20635416666666664,0.5502430555555555,,,,0
2023-05-06,META,0.2706349206349206,0.3984126984126985,-0.003787878787878803,0.4354292929292929,,,,0
2023-05-06,MSFT,0.20500000000000002,0.77,0.14905236369910274,0.48299775707384407,,,,0
2023-05-06,NVDA,-0.125,0.375,-0.0428571428571428,0.4142857142857142,,,,0
2023-05-06,TSLA,0.06509740259740258,0.12353896103896103,0.07233587576444718,0.5162613206898922,,,,0
2023-05-06,TTD,0.25,0.25,0.20625,0.1604166666666666,,,,0
2023-05-06,ZG,0.0,0.0,0.0591944444444444,0.4103888888888889,,,,0
2023-05-07,AAPL,0.0,0.0,0.09893766233766232,0.5455675324675324,,,,0
2023-05-07,AMD,0.0714285714285714,0.2142857142857143,0.10219769119769118,0.43487445887445886,,,,0
2023-05-07,AMZN,0.038888888888888896,0.2611111111111111,0.23273809523809522,0.6271825396825397,,,,0
2023-05-07,BABA,0.25,0.45,0.35,0.525,,,,0
2023-05-07,EA,0.0,1.0,0.1931818181818181,0.3939393939393939,,,,0
2023-05-07,MSFT,0.0,0.0,0.0852297258297258,0.561902453102453,,,,0
2023-05-07,NVDA,-0.0234375,0.2625,0.2618359877734877,0.5360418007293007,,,,0
2023-05-07,TSLA,0.0015555555555555657,0.32066666666666666,0.08826209161078971,0.5046522449963264,,,,0
2023-05-07,TTD,0.375,0.35000000000000003,0.34814814814814815,0.6947089947089946,,,,0
2023-05-08,AAPL,0.1607142857142857,0.21404761904761907,0.20529336630666248,0.34353989684699215,172.24175011249318,173.26034545898438,-1.018595346491196,0
2023-05-08,AMD,0.225,0.275,0.1829156746031746,0.4514464285714285,89.98999786376953,95.04000091552734,-5.0500030517578125,0
2023-05-08,AMZN,0.04285714285714286,0.31428571428571433,0.21223924610959566,0.4048577723825502,105.04000091552734,105.83000183105467,-0.7900009155273295,0
2023-05-08,ATVI,-0.11666666666666671,0.2833333333333334,0.12445014662756597,0.27684099055066796,75.68000030517578,75.55000305175781,0.12999725341796875,1
2023-05-08,BABA,0.0,0.5,0.0011193064182194001,0.26714544513457555,83.62999725341797,83.30999755859375,0.31999969482421875,1
2023-05-08,CRM,0.0,0.0,0.21775,0.5278750000000001,198.72000122070312,197.8999938964844,0.8200073242187216,1
2023-05-08,EA,0.0499999999999999,0.45,0.15,0.3666666666666666,125.25,125.76000213623048,-0.510002136230483,0
2023-05-08,GOOG,-0.225,0.41500000000000004,0.07563463203463201,0.23132272727272726,105.79499816894533,108.23999786376952,-2.4449996948241903,0
2023-05-08,INTC,0.275,0.5,0.25307672145562765,0.5162479707792208,30.700000762939453,30.770000457763672,-0.06999969482421875,0
2023-05-08,META,0.09166666666666667,0.13333333333333333,0.11411908570004807,0.3354110725805474,231.4199981689453,233.2700042724609,-1.8500061035155966,0
2023-05-08,MSFT,0.16666666666666666,0.41111111111111115,0.29430470492652644,0.5146656210768554,309.453528291499,307.97674560546875,1.4767826860302762,1
2023-05-08,MTCH,0.0,0.0,0.2255411255411255,0.518999518999519,33.209999084472656,32.47999954223633,0.7299995422363281,1
2023-05-08,NVDA,-1.586032892321652e-17,0.16428571428571428,0.13595758331497204,0.4845715590518269,285.2200012207031,291.510009765625,-6.290008544921875,0
2023-05-08,PYPL,0.0,0.0,0.1726190476190476,0.5869047619047619,75.70999908447266,75.5199966430664,0.19000244140625,1
2023-05-08,TSLA,0.09444444444444444,0.15555555555555556,0.1732791062552967,0.439406603831207,173.72000122070312,171.7899932861328,1.9300079345703125,1
2023-05-08,TTD,0.0,0.0,0.3083333333333333,0.5583333333333333,62.54999923706055,64.66999816894531,-2.1199989318847656,0
2023-05-08,ZG,0.3321428571428572,0.7035714285714285,0.0920920069958531,0.34140659909890675,47.5,47.380001068115234,0.11999893188476562,1
